<?xml version="1.0" encoding="UTF-8"?>
<!DOCTYPE hibernate-mapping PUBLIC
"-//Hibernate/Hibernate Mapping DTD 3.0//EN"
"http://hibernate.sourceforge.net/hibernate-mapping-3.0.dtd">
<hibernate-mapping>
<class name="com.gwebitsol.core.usermanagement.MDGroupPOJO" table="MDGroups">
 <id name="groupID" type="int" column="GROUPID">
 <generator class="increment"/>
 </id>
 <property name="groupName" column="groupname"/>
 <property name="parentFolderID" column="parentfolderid"/>
 <property name="roleString" column="rolestring"/>
 <property name="status" type="string" column="status" />
 <property name="createdDateTime" column="createddate"/>
 <property name="modifiedDateTime" column="modifieddate"/>
 <property name="description" column="description"/>
 <property name="createdBy" column="createdby"/>
 <property name="modifiedBy" column="modifiedby"/>
</class>
</hibernate-mapping>