<?xml version="1.0" encoding="UTF-8"?>
<!DOCTYPE hibernate-mapping PUBLIC
 "-//Hibernate/Hibernate Mapping DTD 3.0//EN"
 "http://hibernate.sourceforge.net/hibernate-mapping-3.0.dtd">
<hibernate-mapping>
	<class name="com.gwebitsol.core.usermanagement.MDUserPOJO" table="mdusers">
		<id name="userID" type="int" column="userid">
			<generator class="increment" />
		</id>
		<property name="userName" type="string" column="username" />
		<property name="password" type="string" column="password" />
		<property name="passwordExpiryDate" type="string" column="passwordexpirydate" />
		<property name="photo" type="binary">
 		<column name="photo" not-null="true" />
		</property>
		<property name="status" type="string" column="status" />
		<property name="createdDate" type="date" column="createddate" />
		<property name="roleString" type="string" column="rolestring" />
		<property name="createdBy" type="int" column="createdby"/>
		<property name="modifiedBy" type="int" column="modifiedby" />
		<property name="modifiedDate" type="date" column="modifieddate" />
		<property name="loginAttempts" column="loginattempts" />
		<property name="employeeID"  column="employeeid" />
		 <property name="groupName" column="groupname"/>
		 <property name="companyId" column="SchoolId"/>
 		<property name="branchId" column="BranchId"/> 
	</class>
</hibernate-mapping>