<?xml version="1.0" encoding="UTF-8"?>
<!DOCTYPE hibernate-mapping PUBLIC
 "-//Hibernate/Hibernate Mapping DTD 3.0//EN"
 "http://hibernate.sourceforge.net/hibernate-mapping-3.0.dtd">
<hibernate-mapping>
	<class name="com.gwebitsol.core.padagogy.CoursePojo" table="gbl_sm_tbl_course">
		<id name="courseId" type="int" column="CourseId">
			<generator class="increment"/>
		</id>
		<property name="topicId" column="TopicId" />
		<property name="courseName" column="CourseName" />
		<property name="description" column="Description" />
		<property name="duration"  column="Duration"/>
		<property name="schoolId"  column="SchoolId"/>
        <property name="branchId"  column="BranchId"/>
		<property name="createdDate"  column="CreatedDate"/>
		<property name="modifiedDate" column="ModifiedDate" />
		<property name="remarks" column="Remarks" />	
		<property name="status" column="Status"></property>
	</class>
	<class name="com.gwebitsol.core.padagogy.ChapterPojo" table="gbl_sm_tbl_chapter">
		<id name="chapterId" type="int" column="ChapterId">
			<generator class="increment"/>
		</id>
		<property name="unitId" column="UnitId"/>
		<property name="chapterNo" column="ChapterNo"/>
		<property name="chapterName" column="ChapterName"/>
		<property name="description" column="Description" />
		<property name="status" column="Status" />
		<property name="schoolId"  column="SchoolId"/>
        <property name="branchId"  column="BranchId"/>
			
	</class>
	<class name="com.gwebitsol.core.padagogy.UnitsPojo" table="gbl_sm_tbl_units">
		<id name="unitId" type="int" column="UnitId">
			<generator class="increment"/>
		</id>
		<property name="subjectId" column="SubjectId" />
		<property name="unitNo" column="UnitNo"/>
		<property name="unitName" column="UnitName"/>
		<property name="description" column="Description"/>
		<property name="status" column="Status"/>
		<property name="schoolId"  column="SchoolId"/>
        <property name="branchId"  column="BranchId"/>
	</class>
	<class name="com.gwebitsol.core.padagogy.TopicPojo" table="gbl_sm_tbl_topic">
		<id name="topicId" type="int" column="topicId">
			<generator class="increment"/>
		</id>
		<property name="chapterId" column="chapterId"/>
		<property name="topicName" column="topicName" />
		<property name="description" column="description"/>
		<property name="createdDate"  column="CreatedDate"/>
		<property name="modifiedDate" column="ModifiedDate" />
		<property name="status" column="Status"/>	
		<property name="schoolId"  column="SchoolId"/>
        <property name="branchId"  column="BranchId"/>
	</class>
	<class name="com.gwebitsol.core.padagogy.LessonPlanPojo" table="gbl_sm_tbl_lessonplan">
		<id name="lessonPlanId" type="int" column="LessonPlanId">
			<generator class="increment"/>
		</id>
		<property name="lessonPlanName" column="LessonPlanName"/>
		<property name="lessonPlanDescription" column="LessonPlanDescription"/>
		<property name="lessonPlanStatus" column="LessonPlanStatus"/>
		<property name="employeeId" column="EmployeeId" />
		<property name="startDate"  column="StartDate"/>
		<property name="endDate" column="EndDate" />
		<property name="schoolId"  column="SchoolId"/>
        <property name="branchId"  column="BranchId"/>	
        <property name="classId"  column="ClassId"/>
        <property name="subjectId"  column="SubjectId"/>	
		<property name="createdDate"  column="CreatedDate"/>
		<property name="modifiedDate" column="ModifiedDate" />
	</class>
	<class name="com.gwebitsol.core.padagogy.ReferenceBookPojo" table="gbl_sm_tbl_reference_book">
		<id name="referenceBookId" type="int" column="ReferenceBookId">
			<generator class="increment"/>
		</id>
		<property name="referenceBookName" column="ReferenceBookName"/>
		<property name="subjectId" column="SubjectId"/>
		<property name="author" column="Author"/>
		<property name="publisher" column="Publisher"/>
		<property name="description" column="Description"/>
		<property name="schoolId"  column="SchoolId"/>
        <property name="branchId"  column="BranchId"/>
	</class>
	<class name="com.gwebitsol.core.padagogy.SubjectPojo" table="gbl_sm_tbl_subjects">
		<id name="subjectId" type="int" column="SubjectId">
			<generator class="increment"/>
		</id>
		<property name="subCategoryId" column="SUBCATEGORYID"/>
		<property name="textBookId" column="TextBookId"/>
		<property name="classId" column="ClassId" />
		<property name="curriculumId" column="CurriculumId"/>
		<property name="categoryId" column="CATEGORYID"/>
		<property name="description" column="Description"/>
		<property name="remarks" column="Remarks" />	
		<property name="schoolId"  column="SchoolId"/>
        <property name="branchId"  column="BranchId"/>
        <property name="priority" column="priority" />	
		<property name="sectionId"  column="sectionId"/>
        <property name="subWeekPeriods"  column="subWeekPeriods"/>
        <property name="subjectTypeId" column="SubjectTypeId"/>
	</class>
	
	<class name="com.gwebitsol.core.padagogy.TextBook" table="gbl_sm_tbl_textbook">
		<id name="textBookId" type="int" column="TextBookId">
			<generator class="increment"/>
		</id>
		<property name="textBookName" column="TextBookName"/>
		<property name="author" column="Author"/>
		<property name="publisher" column="Publisher"/>
		<property name="description" column="Description"/>
		<property name="schoolId"  column="SchoolId"/>
        <property name="branchId"  column="BranchId"/>
	</class>
	
</hibernate-mapping> 