<?xml version="1.0" encoding="UTF-8"?>
<!DOCTYPE hibernate-mapping PUBLIC
"-//Hibernate/Hibernate Mapping DTD 3.0//EN"
"http://hibernate.sourceforge.net/hibernate-mapping-3.0.dtd">
<hibernate-mapping>
	<class name="com.gwebitsol.core.note.Note" table="gbl_tbl_notes">
		<id name="noteId" type="int" column="NoteId">
			<generator class="increment" />
		</id>
		<property name="schoolId" column="SchoolId"/>
		<property name="branchId" column="BranchId"/>
		<property name="noteDescription" column="NoteDescription"/>
		<property name="noteTitle" column="NoteTitle"/>
		<property name="dateTime" column="DateTime"/>
		<property name="status" column="Status"/>
		<property name="createdDate" column="CreatedDate"/>
		<property name="modifiedDate" column="ModifiedDate"/>
	</class>
</hibernate-mapping>