<?xml version="1.0" encoding="UTF-8"?>
<!DOCTYPE hibernate-mapping PUBLIC  
 "-//Hibernate/Hibernate Mapping DTD 3.0//EN"  
 "http://hibernate.sourceforge.net/hibernate-mapping-3.0.dtd">
 
 <hibernate-mapping>
 <class name="com.gwebitsol.core.address.AddressPojo" table="gbl_sm_tbl_address">
   <id name="addressId" type="int" column="AddressId">
       <generator class="increment"></generator>
   </id>
 <property name="addressLine1"></property>
 <property name="addressLine2"></property>
 <property name="street"></property>
 <property name="villege"></property>
 <property name="mandal"></property>
 <property name="schoolId"></property>
 <property name="parentId"></property>
 <property name="studentId"></property>
 <property name="branchId"></property>
 <property name="employeeId" column="StaffId"></property>
 <property name="district"></property>
 <property name="state"></property>
 <property name="email"></property>
 <property name="phone"></property>
 <property name="country"></property>
 <property name="pin"></property>
 <property name="remarks"></property>
 <property name="createdDate"></property>
 <property name="modifiedDate"></property>
 <property name="addressType"></property>
 </class>
 </hibernate-mapping>