<?xml version="1.0" encoding="UTF-8"?>
<!DOCTYPE hibernate-mapping PUBLIC  
 "-//Hibernate/Hibernate Mapping DTD 3.0//EN"  
 "http://hibernate.sourceforge.net/hibernate-mapping-3.0.dtd">
 
 <hibernate-mapping>
 <class name="com.gwebitsol.core.staff.StaffPojo" table="gbl_sm_tbl_staff">
   <id name="employeeId" type="int" column="EmployeeId">
       <generator class="increment"></generator>
   </id>
 <property name="firstName"></property>
 <property name="middleName"></property>
 <property name="lastName"></property>
 <property name="dob"></property>
 <property name="doj"></property>
 <property name="staffNumber"></property>
 <property name="bloodGroupId"></property>
 <property name="gender"></property>
 <property name="jobTitleId"></property>
 <property name="photo"></property>
 <property name="userId"></property>
 <property name="remarks"></property>
 <property name="createdDate"></property>
 <property name="modifiedDate"></property>
 <property name="emailId"></property>
 <property name="mobileNumber"></property>
 <property name="branchId"></property>
 <property name="schoolId"></property>
 </class>
 
  <class name="com.gwebitsol.core.staff.StaffEducationPojo" table="gbl_sm_tbl_staff_education">
   <id name="staffEdId" type="int" column="StaffEduId">
       <generator class="increment"></generator>
   </id>
 <property name="employeeId"></property>
 <property name="qualification"></property>
 <property name="yearofPass"></property>
 <property name="university"></property>
 <property name="passedInClass"></property>
 <property name="gradeId"></property>
  <property name="percentScore"></property>
 <property name="remarks"></property>
 <property name="accoladeId"></property>
 <property name="createdDate"></property>
 <property name="modifiedDate"></property>
  <property name="branchId"></property>
 <property name="schoolId"></property> 
 </class>
 
 
 <class name="com.gwebitsol.core.staff.StaffAccoladePojo" table="gbl_sm_tbl_staff_accolades">
   <id name="accoladeId" type="int" column="AccoladeId">
       <generator class="increment"></generator>
   </id>
 <property name="employeeId"></property>
 <property name="accoladeTypeId"></property>
 <property name="accoladeTitle"></property>
 <property name="description"></property>
 <property name="awardedDate"></property>
 <property name="medal"></property>
  <property name="prize"></property>
 <property name="remarks"></property>
 <property name="duration"></property>
 <property name="resultId"></property>
 <property name="createdDate"></property>
 <property name="modifiedDate"></property>
 <property name="branchId"></property>
 <property name="schoolId"></property>
 </class>
 
  <class name="com.gwebitsol.core.staff.StaffExperiencePojo" table="gbl_sm_tbl_staff_experience">
   <id name="staffExpId" type="int" column="StaffExpId">
       <generator class="increment"></generator>
   </id>
 <property name="employeeId" column="EmployeeId"></property>
 <property name="previousInstitution" column="PreviousInstitution"></property>
 <property name="workedFrom" column="WorkedFrom"></property>
 <property name="workedTo" column="WorkedTo"></property>
 <property name="jobTitleId" column="JobTitleId"></property>
 <property name="createdDate" column="CreatedDate"></property>
  <property name="modifiedDate" column="ModifiedDate"></property>
 <property name="remarks" column="Remarks"></property>
 <property name="jobRole" column="JobRole"></property>
 <property name="branchId"></property>
 <property name="schoolId"></property>
 </class>
 
 
  <class name="com.gwebitsol.core.staff.StaffSubjectsPojo" table="gbl_sm_tbl_staff_subjects">
   <id name="staffSubId" type="int" column="StaffSubId">
       <generator class="increment"></generator>
  </id>
 <property name="employeeId"></property>
 <property name="subjectId"></property>
 <property name="lastUsed"></property>
 <property name="description"></property>
 <property name="createdDate"></property>
  <property name="modifiedDate"></property>
 <property name="isDeleted"></property>
 <property name="monthsTaught"></property>
 <property name="classIdTaught"></property>
 <property name="branchId"></property>
 <property name="schoolId"></property>
 </class>
 
 </hibernate-mapping>