<?xml version="1.0" encoding="UTF-8"?>
<!DOCTYPE hibernate-mapping PUBLIC
"-//Hibernate/Hibernate Mapping DTD 3.0//EN"
"http://hibernate.sourceforge.net/hibernate-mapping-3.0.dtd">
<hibernate-mapping>
	<class name="com.gwebitsol.core.department.Department" table="gbl_tbl_department">
		<id name="departmentId" type="int" column="DepartmentId">
			<generator class="increment" />
		</id>
		<property name="departmentName" column="DepartmentName"/>
		<property name="schoolId" column="SchoolId"/>
		<property name="branchId" column="BranchId"/>
	</class>
</hibernate-mapping>