<?xml version="1.0" encoding="UTF-8"?>
<!DOCTYPE hibernate-mapping PUBLIC
"-//Hibernate/Hibernate Mapping DTD 3.0//EN"
"http://hibernate.sourceforge.net/hibernate-mapping-3.0.dtd">
<hibernate-mapping>
	<class name="com.gwebitsol.core.infrastructure.StructurePojo"
		table="gbl_sm_tbl_structure">
		<id name="structureId" type="int" column="structureId">
			<generator class="increment" />
		</id>
		<property name="structureName" column="StructureName" />
		<property name="description" column="Description" />
		<property name="photo" column="Photo" />
		<property name="location" column="Location" />
		<property name="purpose" column="Purpose" />
		<property name="status" column="Status" />
		<property name="remarks" column="Remarks" />
		<property name="createdDate" column="CreatedDate" />
		<property name="modifiedDate" column="ModifiedDate" />
		<property name="schoolId"/>
		<property name="branchId"/>
	</class>
	<class name="com.gwebitsol.core.infrastructure.RoomPojo" table="gbl_sm_tbl_room">
		<id name="roomId" type="int" column="RoomId">
			<generator class="increment" />
		</id>
		<property name="floorId" column="FloorId" />
		<property name="roomTypeId" column="RoomTypeId" />
		<property name="roomNo" column="RoomNo" />
		<property name="numberOfRows" column="NumberOfRows" />
		<property name="numberOfColumns" column="NumberOfColumns"/>
		<property name="numberOfSeatsPerRow" column="NumberOfSeatsPerRow"/>
		<property name="allowAisles" column="allowAisles"/>
		<property name="colnoRowSeats" column="ColnoRowSeats"/>
		<property name="roomName" column="RoomName" />
		<property name="roomDescription" column="RoomDescription" />
		<property name="aC" column="AC" />
		<property name="capacity" column="Capacity" />
		<property name="size" column="Size" />
		<property name="status" column="Status" />
		<property name="remarks" column="Remarks" />
		<property name="seatingNo" column="SeatingNo" />
		<property name="image" column="Image" />
		<property name="seatingTypeId" column="SeatingTypeId" />
		<property name="schoolId"/>
		<property name="branchId"/>
	</class>
	<class name="com.gwebitsol.core.infrastructure.Floor" table="gbl_sm_tbl_floor">
		<id name="floorId" type="int" column="FloorId">
			<generator class="increment" />
		</id>
		<property name="floorNo" column="FloorNo" />
		<property name="floorName" column="FloorName" />
		<property name="description" column="Description" />
		<property name="structureId" column="StructureId"/>
		<property name="schoolId"/>
		<property name="branchId"/>
	</class>
	<class name="com.gwebitsol.core.infrastructure.FieldPojo" table="gbl_sm_tbl_field">
		<id name="fieldId" type="int" column="FieldId">
			<generator class="increment" />
		</id>
		<property name="fieldNo" column="FieldNo" />
		<property name="fieldName" column="FieldName" />
		<property name="description" column="Description" />
		<property name="roomTypeId" column="RoomTypeId" />
		<property name="schoolId"/>
		<property name="branchId"/>
	</class>
</hibernate-mapping>