<?xml version="1.0" encoding="UTF-8"?>
<!DOCTYPE hibernate-mapping PUBLIC
 "-//Hibernate/Hibernate Mapping DTD 3.0//EN"
 "http://hibernate.sourceforge.net/hibernate-mapping-3.0.dtd">
<hibernate-mapping>
			
					<!-- Answer -->
	<class name="com.gwebitsol.core.assessments.AnswerPojo" table="gbl_sm_tbl_student_answer">
		<id name="answerId" type="int" column="AnswerId">
			<generator class="increment" />
		</id>
		<property name="questionPaperId" />
		<property name="studentId" />
		<property name="questionId" />
		<property name="studentChoice" />
		<property name="studentScore" />
		<property name="studentAnswer" />
		<property name="status"/>
		<property name="schoolId"/>
		<property name="branchId"/>
	</class>		
					<!-- Assessment -->
	<class name="com.gwebitsol.core.assessments.AssessmentPojo"
		table="gbl_sm_tbl_assessment">
		<id name="assessmentId" type="int" column="AssessmentId">
			<generator class="increment" />
		</id>
		<property name="assessmentTypeId" column="AssessmentTypeId" />
		<property name="assessmentName" column="AssessmentName" />
		<property name="description" column="Description" />
		<property name="startDate" column="StartDate" />
		<property name="endDate" column="EndDate" />
		<property name="status" column="Status" />
		<property name="remarks" column="Remarks" />
		<property name="createdDate" column="CreatedDate" />
		<property name="modifiedDate" column="ModifiedDate" />
		<property name="maxScore" column="MaxScore"/>
		<property name="schoolId"/>
		<property name="branchId"/>
	</class>
				
							<!-- PaperSection -->
	<class name="com.gwebitsol.core.assessments.PaperSectionPojo"
		table="gbl_sm_tbl_paper_section">
		<id name="paperSectionId" type="int" column="PaperSectionId">
			<generator class="increment" />
		</id>
		<property name="sectionTitle" column="SectionTitle" />
		<property name="instructions" column="Instructions" />
		<property name="questionPaperId" column="QuestionPaperId" />
		<property name="schoolId"/>
		<property name="branchId"/>
	</class>
				
						<!-- QuestionPaper -->	
	<class name="com.gwebitsol.core.assessments.QuestionPaperPojo"
		table="gbl_sm_tbl_question_paper">
		<id name="questionPaperId" type="int" column="QuestionPaperId">
			<generator class="increment" />
		</id>
		<property name="paperTitle" column="PaperTitle" />
		<property name="description" column="Description" />
		<property name="instructions" column="Instructions" />
		<property name="subjectId" column="SubjectId" />
		<property name="level" column="Level" />
		<property name="createdDate" column="CreatedDate" />
		<property name="modifiedDate" column="ModifiedDate" />
		<property name="status" column="Status"/>
		<property name="remarks" column="Remarks"/>
			<property name="schoolId"/>
		<property name="branchId"/>
	</class>

						<!-- Question -->
	<class name="com.gwebitsol.core.assessments.QuestionPojo" table="gbl_sm_tbl_question">
		<id name="questionId" type="int" column="questionId">
			<generator class="increment" />
		</id>
		<property name="questionTitle" column="questionTitle" />
		<property name="questiondescription" column="Questiondescription" />
		<property name="answer" column="answer" />
		<property name="maxScore" column="maxScore" />
		<property name="topicId" column="TopicId" />
		<property name="courseId" column="CourseId" />
		<property name="chapterId" column="ChapterId" />
		<property name="subjectId" column="SubjectId" />
		<property name="unitId" column="UnitId" />
		<property name="questiontypeId" column="questiontypeId" />
		<property name="createdDate" column="CreatedDate" />
		<property name="modifiedDate" column="ModifiedDate" />
			<property name="schoolId"/>
		<property name="branchId"/>
	</class>

						<!-- ScoreSheet -->
	<class name="com.gwebitsol.core.assessments.ScoreSheetPojo"
		table="gbl_sm_tbl_scoresheet">
		<id name="scoreSheetId" type="int" column="scoreSheetId">
			<generator class="increment" />
		</id>
		<property name="questionPaperId" column="questionPaperId" />
		<property name="studentId" column="studentId" />
		<property name="totalScore" column="totalScore" />
		<property name="status" column="status" />
		<property name="remarks" column="remarks" />
		<property name="result" column="result" />
		<property name="createdDate" column="CreatedDate" />
		<property name="modifiedDate" column="ModifiedDate" />
			<property name="schoolId"/>
		<property name="branchId"/>
	</class>
						<!-- SubjectScores -->
	<class name="com.gwebitsol.core.assessments.SubjectScoresPojo"
		table="gbl_sm_tbl_subject_scores">
		<id name="subjectScoreId" type="int" column="SubjectScoreId">
			<generator class="increment" />
		</id>
		<property name="subjectId" column="SubjectId"/>
		<property name="studentId" column="StudentId"/>
		<property name="subjectScore" column="SubjectScore"/>
			<property name="schoolId"/>
		<property name="branchId"/>
	</class>
 	<!-- QuestionsPaperSection -->
<!-- 	<class name="com.gwebitsol.core.assessments.QuestionsPaperSection"
		table="gbl_sm_tbl_questions_papersection">
		<id name="questionPaperSectionId" type="int" column="QuestionPaperSectionId">
			<generator class="increment" />
		</id>
		<property name="paperSectionId" column="PaperSectionId"/>
		<property name="questionId" column="QuestionId"/>
	</class>  -->
	
	<!-- assessmentscore -->
	<class name="com.gwebitsol.core.assessments.AssessmentScore"
		table="gbl_sm_tbl_assessment_score">
		<id name="assessmentScoreId" type="int" column="AssessmentScoreId">
			<generator class="increment" />
		</id>
		<property name="assessmentId" column="AssessmentId"/>
		<property name="studentId" column="StudentId"/>
		<property name="gradeId" column="GradeId"/>
		<property name="score" column="Score"/>
			<property name="schoolId"/>
		<property name="branchId"/>
	</class>
	
	<!-- assessmentassign -->
<!-- 	<class name="com.gwebitsol.core.assessments.AssessmentAssign"
		table="gbl_sm_tbl_assessment_assign">
		<id name="assessmentAssignId" type="int" column="AssessmentAssignId">
			<generator class="increment" />
		</id>
		<property name="assessmentId" column="AssessmentId"/>
		<property name="studentId" column="StudentId"/>
		<property name="classId" column="ClassId"/>
		<property name="sectionId" column="SectionId"/>
		<property name="questionPaperId" column="QuestionPaperId"/>
	</class> -->
	
		<!-- questionchoices -->
 <class name="com.gwebitsol.core.assessments.QuestionChoice"  table="gbl_sm_tbl_question_choices">
		<id name="questionChoiceId" type="int" column="QuestionChoiceId">
			<generator class="increment" />
		</id>
		<property name="questionId" column="QuestionId"/>
		<property name="choiceTag" column="ChoiceTag"/>
		<property name="choice" column="Choice"/>
		<property name="answerChoice" column="AnswerChoice"/>
		<property name="schoolId"/>
		<property name="branchId"/>
	</class> 
</hibernate-mapping> 