<?xml version="1.0" encoding="UTF-8"?>
<!DOCTYPE hibernate-mapping PUBLIC
"-//Hibernate/Hibernate Mapping DTD 3.0//EN"
"http://hibernate.sourceforge.net/hibernate-mapping-3.0.dtd">
<hibernate-mapping>
	<class name="com.gwebitsol.core.taskactionitem.TaskActionItem" table="gbl_tbl_task_action_item">
		<id name="actionItemId" type="int" column="ActionItemId">
			<generator class="increment" />
		</id>
		<property name="assignedTo" column="AssignedTo" />
		<property name="actionTitle" column="ActionTitle" />
		<property name="actionDescritpoin" column="ActionDescritpoin" />
		<property name="status" column="Status"/>
		<property name="requestedDateTime" column="RequestedDateTime" />
		<property name="completionDateTime" column="completionDateTime" />
		<property name="remarks" column="Remarks"/>
		<property name="createdDate" column="CreatedDate" />
		<property name="modifiedDate" column="ModifiedDate" />
		<property name="schoolId" column="SchoolId"/>
		<property name="branchId" column="BranchId"/>
	</class>
</hibernate-mapping>