<?xml version="1.0" encoding="UTF-8"?>
<!DOCTYPE hibernate-mapping PUBLIC
"-//Hibernate/Hibernate Mapping DTD 3.0//EN"
"http://hibernate.sourceforge.net/hibernate-mapping-3.0.dtd">
<hibernate-mapping>
	<class name="com.gwebitsol.core.grading.GradePojo" table="gbl_sm_tbl_grade">
		<id name="gradeId" type="int" column="GradeId">
			<generator class="increment" />
		</id>
		<property name="scaleId" column="ScaleId" />
		<property name="gradeName" column="GradeName" />
		<property name="gradeDescription" column="GradeDescription" />
		<property name="gradeStart" column="GradeStart" />
		<property name="gradeEnd" column="GradeEnd" />
		<property name="schoolId"/>
		<property name="branchId"/>
	</class>
	<class name="com.gwebitsol.core.grading.ScalePojo" table="gbl_sm_tbl_scale">
		<id name="scaleId" type="int" column="ScaleId">
			<generator class="increment" />
		</id>
		<property name="scaleName" column="ScaleName" />
		<property name="description" column="Description" />
		<property name="scaleStart" column="ScaleStart" />
		<property name="scaleEnd" column="ScaleEnd" />
		<property name="schoolId"/>
		<property name="branchId"/>
	</class>
</hibernate-mapping>