<?xml version="1.0" encoding="UTF-8"?>
<!DOCTYPE hibernate-mapping PUBLIC "-//Hibernate/Hibernate Mapping DTD 3.0//EN"
        "http://www.hibernate.org/dtd/hibernate-mapping-3.0.dtd">

<hibernate-mapping package="com.gwebitsol.core.setting">
	<class name="MDCategory" table="mdcategory">
	    <id name="categoryId" type="int" column="CATEGORYID">
			<generator class="native"/>
		</id>		
        <property name="categoryTypeId" column="CATEGORYTYPEID"/>
        <property name="categoryName" column="CATEGORYNAME"/>
        <property name="priority" column="PRIORITY"/>
        <property name="categoryStatus" column="CATEGORYSTATUS"/>  
        <property name="description" column="DESCRIPTION"/>
         <property name="schoolId" column="SchoolId"/> 
        <property name="branchId" column="BranchId"/>  
	</class>
	
	<class name="MDSubCategory" table="mdsubcategory">
	    <id name="subCategoryId" type="int" column="SUBCATEGORYID">
			<generator class="increment"/>
		</id>		
        <property name="subCategoryName" column="SUBCATEGORYNAME"/>
        <property name="categoryId" column="CATEGORYID"/>
        <property name="subCategoryStatus" column="SUBCATEGORYSTATUS"/>         
        <property name="description" column="DESCRIPTION"/>
         <property name="schoolId" column="SchoolId"/> 
        <property name="branchId" column="BranchId"/>  
	</class>

	<class name="MDCategoryType" table="mdcategorytype">
	    <id name="categoryTypeId" type="int" column="CATEGORYTYPEID">
			<generator class="increment"/>
		</id>		
        <property name="categoryTypeName" column="CATEGORYTYPENAME"/>
        <property name="categoryTypeStatus" column="CATEGORYTYPESTATUS"/>
        <property name="priority" column="PRIOrITY"/>
        <property name="description" column="DESCRIPTION"/>
	</class>

	<class name="MDTagType" table="mdtagtype">
	    <id name="tagTypeId" type="int" column="TAGTYPEID">
			<generator class="increment"/>
		</id>		
        <property name="tagTypeName" column="TAGTYPENAME"/>
        <property name="tagTypeCode" column="TAGTYPECODE"/>
        <property name="priority" column="PRIORITy"/>
        <property name="tagTypeStatus" column="TAGTYPESTATUS"/>
        <property name="description" column="DESCRIPTION"/>
	</class>
	
	<class name="MDTemplateType" table="mdtemplatetype">
	    <id name="templateTypeId" type="int" column="TEMPLATETYPEID">
			<generator class="increment"/>
		</id>		
        <property name="templateTypeName" column="TEMPLATETYPENAME"/>
        <property name="templateTypeCode" column="TEMPLATETYPECODE"/>
        <property name="templateTypeStatus" column="TEMPLATETYPESTATUS"/>
        <property name="description" column="DESCRIPTION"/>
	</class>
	
	<class name="MDInfomercialType" table="mdinfomercialtype">
	    <id name="infomercialTypeId" type="int" column="INFOMERCIALTYPEID">
			<generator class="native"/>
		</id>		
        <property name="infomercialTypeName" column="INFOMERCIALTYPENAME"/>
        <property name="infomercialTypeCode" column="INFOMERCIALTYPECODE"/>
         <property name="infomercialTypeStatus" column="INFOMERCIALTYPESTATUS"/>  
        <property name="description" column="DESCRIPTION"/>
	</class>
	
	<class name="MDFileCategory" table="mdfilecategory">
	    <id name="fileCategoryId" type="int" column="FILECATEGORYID">
			<generator class="native"/>
		</id>		
        <property name="appNameId" column="APPNAMEID"/>
        <property name="infomercialTypeId" column="INFOMERCIALTYPEID"/>
        <property name="fileCategoryName" column="FILECATEGORYNAME"/>
        <property name="fileType" column="FILETYPE"/>
        <property name="fileNameConvention" column="FILENAMECONVENTION"/>
        <property name="folderPath" column="FOLDERPATH"/>
        <property name="status" column="STATUS"/> 
        <property name="description" column="DESCRIPTION"/>
	</class>
	
	
	<class name="com.gwebitsol.core.setting.JobtitlePojo" table="gbl_sm_tbl_jobtitle">
	    <id name="jobTitleId" type="int" column="JobTitleId">
			<generator class="native"/>
		</id>		
        <property name="title" column="Title"/>
        <property name="description" column="Description"/> 
        <property name="schoolId" column="SchoolId"/> 
        <property name="branchId" column="BranchId"/> 
	</class>
	
	<class name="com.gwebitsol.core.setting.JobtypePojo" table="gbl_sm_tbl_jobtype">
	    <id name="jobTypeId" type="int" column="JobTypeId">
			<generator class="native"/>
		</id>		
        <property name="jobTypeName" column="JobTypeName"/>
        <property name="description" column="Description"/>
         <property name="schoolId" column="SchoolId"/> 
        <property name="branchId" column="BranchId"/>  
	</class>
	
	<class name="com.gwebitsol.core.setting.AccoladetypePojo" table="gbl_sm_tbl_accoladetype">
	    <id name="accoladeTypeId" type="int" column="AccoladeTypeId">
			<generator class="native"/>
		</id>		
        <property name="typeName" column="TypeName"/>
        <property name="description" column="Description"/>
         <property name="schoolId" column="SchoolId"/> 
        <property name="branchId" column="BranchId"/>  
	</class>
	
	<class name="com.gwebitsol.core.setting.ResultPojo" table="gbl_sm_tbl_result">
	    <id name="resultId" type="int" column="ResultId">
			<generator class="native"/>
		</id>		
        <property name="resultName" column="ResultName"/>
        <property name="description" column="Description"/>
         <property name="schoolId" column="SchoolId"/> 
        <property name="branchId" column="BranchId"/>  
	</class>
	 <class name="com.gwebitsol.core.setting.LibSectionPOJO" table="gbl_sm_tbl_lib_section">
 <id name="libSectionId" type="int" column="LibSectionId">
			<generator class="increment"/>
		</id>
		<property name="sectionName"  column="SectionName"/>
        <property name="description"  column="Description"/>
        <property name="status"  column="Status"/>
        <property name="remarks"  column="Remarks"/>
        <property name="schoolId" column="SchoolId"/>
  		<property name="branchId" column="BranchId"/> 
 </class>
	 <class name="com.gwebitsol.core.setting.LibCategoryPojo" table="gbl_sm_tbl_lib_category">
 <id name="libCategoryId" type="int" column="LibCategoryId">
			<generator class="increment"/>
		</id>
        <property name="categoryName"  column="CategoryName"/>
        <property name="description"  column="Description"/>
        <property name="remarks"  column="remarks"/>
        <property name="schoolId" column="SchoolId"/>
  		<property name="branchId" column="BranchId"/> 
 </class>
	<class name="com.gwebitsol.core.setting.QuestionType" table="gbl_sm_tbl_questiontype">
	    <id name="questionTypeId" type="int" column="QuestionTypeId">
			<generator class="increment"/>
		</id>		
        <property name="typeName" column="TypeName"/>
        <property name="schoolId" column="SchoolId"/>
  		<property name="branchId" column="BranchId"/> 
	</class>
	
	
	
	<class name="com.gwebitsol.core.setting.BookTypePOJO" table="gbl_sm_tbl_book_type">
 <id name="bookTypeId" type="int" column="BookTypeId">
			<generator class="increment"/>
		</id>
		<property name="bookTypeName"  column="BookTypeName"/>
        <property name="description"  column="Description"/>
        <property name="isIssue"  column="IsIssue"/>
        <property name="schoolId" column="SchoolId"/>
  		<property name="branchId" column="BranchId"/> 
	</class>
	
	
	<class name="com.gwebitsol.core.setting.EventTypePojo" table="gbl_sm_tbl_event_type">
 <id name="eventTypeId" type="int" column="EventTypeId">
			<generator class="increment"/>
		</id>
		<property name="eventTypeName"  column="EventTypeName"/>
        <property name="description"  column="Description"/>
        <property name="schoolId" column="SchoolId"/>
  		<property name="branchId" column="BranchId"/> 
 </class>
 
 <class name="com.gwebitsol.core.setting.FeeItemType" table="gbl_sm_tbl_feeitemtype">
 <id name="feeItemTypeId" type="int" column="feeItemTypeId">
			<generator class="increment"/>
		</id>
		<property name="name"  column="name"/>
        <property name="description"  column="description"/>
        <property name="frequencyName"  column="frequencyName"/>
        <property name="installmentsInYear"  column="installmentsInYear"/>
        <property name="schoolId" column="SchoolId"/>
  		<property name="branchId" column="BranchId"/> 
        
 </class>
 
 <class name="com.gwebitsol.core.setting.PaymentModePojo" table="gbl_sm_tbl_paymentmode">
 <id name="paymentModeId" type="int" column="PaymentModeId">
			<generator class="increment"/>
		</id>
		<property name="modeName"  column="ModeName"/>
        <property name="description"  column="Description"/>
         <property name="schoolId" column="SchoolId"/> 
        <property name="branchId" column="BranchId"/>   
 </class>

	 <class name="com.gwebitsol.core.setting.AssessmentModePojo" table="gbl_sm_tbl_assessment_mode">
		<id name="assessmentModeId" type="int" column="AssessmentModeId">
			<generator class="increment" />
		</id>
		<property name="modeName" column="ModeName" />
		<property name="description" column="Description" />
		 <property name="schoolId" column="SchoolId"/> 
        <property name="branchId" column="BranchId"/>   
		</class>
	
	<class name="com.gwebitsol.core.setting.AssessmentTypePojo" table="gbl_sm_tbl_assessment_type">
		<id name="assessmentTypeId" type="int" column="AssessmentTypeId">
			<generator class="increment" />
		</id>
		<property name="typeName" column="TypeName" />
		<property name="assessmentModeId" column="AssessmentModeId" />
		<property name="description" column="Description" />
		<property name="status" column="Status" />
		 <property name="schoolId" column="SchoolId"/> 
        <property name="branchId" column="BranchId"/>   
		</class>
		
	<class name="com.gwebitsol.core.setting.RoomType" table="gbl_sm_tbl_room_type">
		<id name="roomTypeId" type="int" column="RoomTypeId">
			<generator class="increment" />
		</id>
		<property name="typeName" column="TypeName" />
		<property name="description" column="Description" />
		<property name="typeFlag" column="TypeFlag" />
		 <property name="schoolId" column="SchoolId"/> 
        <property name="branchId" column="BranchId"/>   
		</class>

<class name="com.gwebitsol.core.setting.SubjectType" table="gbl_sm_tbl_subject_type">
  <id name="subjectTypeId" type="int" column="SubjectTypeId">
   <generator class="increment" />
  </id>
  <property name="subjectName" column="SubjectName" />
  <property name="description" column="Description" />
  <property name="schoolId" column="SchoolId"/>
  <property name="branchId" column="BranchId"/>
 </class>
</hibernate-mapping>
