<?xml version="1.0" encoding="UTF-8"?>
<!DOCTYPE hibernate-mapping PUBLIC
"-//Hibernate/Hibernate Mapping DTD 3.0//EN"
"http://hibernate.sourceforge.net/hibernate-mapping-3.0.dtd">
<hibernate-mapping>
	<class name="com.gwebitsol.core.school.SchoolBranchPojo" table="gbl_sm_tbl_school_branch">
		<id name="schoolBranchId" type="int" column="SchoolBranchId">
			<generator class="increment" />
		</id>
		<property name="branchName" column="BranchName" />
		<property name="image" column="Image" />
		<property name="schoolId" column="SchoolId" />
		<property name="description" column="Description" />
		<property name="priority" column="Priority" />
		<property name="status" column="Status" />
		<property name="establishedOn" column="EstablishedOn" />
		<property name="landLine" column="LandLine" />
		<property name="mobileNo" column="MobileNo" />
		<property name="fax" column="Fax" />
		<property name="email" column="Email" />
		<property name="web" column="Web" />
		<property name="remarks" column="Remarks" />
		<property name="contactPerson" column="ContactPerson" />
		<property name="location" column="Location" />
	</class>
	<class name="com.gwebitsol.core.school.SchoolInfoPojo" table="gbl_sm_tbl_school_info">
		<id name="schoolId" type="int" column="SchoolId">
			<generator class="increment" />
		</id>
		<property name="schoolName" column="SchoolName" />
		<property name="photo" column="Photo" />
		<property name="description" column="Description" />
		<property name="establishedOn" column="EstablishedOn" />
		<property name="landLine" column="LandLine" />
		<property name="mobileNo" column="MobileNo" />
		<property name="fax" column="Fax" />
		<property name="email" column="Email" />
		<property name="web" column="Web" />
		<property name="createdDate" column="CreatedDate" />
		<property name="modifiedDate" column="ModifiedDate" />
		<property name="remarks" column="Remarks" />
		<property name="contactPerson" column="ContactPerson" />
		<property name="location" column="Location" />
	</class>
</hibernate-mapping>