<?xml version="1.0" encoding="UTF-8"?>
<!DOCTYPE hibernate-mapping PUBLIC
"-//Hibernate/Hibernate Mapping DTD 3.0//EN"
"http://hibernate.sourceforge.net/hibernate-mapping-3.0.dtd">
<hibernate-mapping>
<class name="com.gwebitsol.core.notifications.mails.MDMailsPOJO" table="MDMails">
 <id name="mailID" type="int" column="mailid">
 <generator class="increment"/>
 </id>
 
 <property name="subject" column="subject"/>
 <property name="content" column="content"/>
 <property name="attachment" type="binary">
 <column name="attachment" />
 </property>
 <property name="attachmentName" column="attachmentname"/>
 <property name="cC" column="cc"/>
 <property name="toUserID" column="touserid"/>
 <property name="toUserName" column="tousername"/>
 <property name="fromUserID" column="fromuserid"/>
 <property name="fromUserName" column="fromusername"/>
 <property name="sentDateTime" column="sentdatetime"/>
 <property name="deleteStatus" column="deletestatus"/>
 <property name="deletedBy" column="deletedby"/>
 <property name="deletedDateTime" column="deleteddatetime"/>
</class>
</hibernate-mapping>