<?xml version="1.0" encoding="UTF-8"?>
<!DOCTYPE hibernate-mapping PUBLIC
"-//Hibernate/Hibernate Mapping DTD 3.0//EN"
"http://hibernate.sourceforge.net/hibernate-mapping-3.0.dtd">
<hibernate-mapping>
<class name="com.gwebitsol.core.security.MDCurrentLoggingsPOJO" table="mdcurrentloggings">
 <id name="sno" type="int" column="sno">
 <generator class="increment"/>
 </id>
 <property name="userID" column="userid"/>
 <property name="status" column="status"/>
 <property name="loginDateTime" column="logindatetime"/>
 <property name="connectionID" column="connectionid" />
</class>
</hibernate-mapping>