<?xml version="1.0" encoding="UTF-8"?>
<beans xmlns="http://www.springframework.org/schema/beans"
	xmlns:jdbc="http://www.springframework.org/schema/jdbc" xmlns:xsi="http://www.w3.org/2001/XMLSchema-instance"
	xmlns:cxf="http://camel.apache.org/schema/cxf" xmlns:jaxrs="http://cxf.apache.org/jaxrs"
	xmlns:context="http://www.springframework.org/schema/context"
	xsi:schemaLocation="
       http://www.springframework.org/schema/beans
       http://www.springframework.org/schema/beans/spring-beans.xsd
       http://camel.apache.org/schema/cxf
       http://camel.apache.org/schema/cxf/camel-cxf.xsd 
       http://cxf.apache.org/jaxrs
       http://cxf.apache.org/schemas/jaxrs.xsd
       http://www.springframework.org/schema/jdbc 
       http://www.springframework.org/schema/jdbc/spring-jdbc-3.0.xsd
       http://camel.apache.org/schema/spring
       http://camel.apache.org/schema/spring/camel-spring.xsd
       http://www.springframework.org/schema/context 
       http://www.springframework.org/schema/context/spring-context.xsd ">

<bean class="org.apache.activemq.camel.component.ActiveMQComponent"
		id="jms">
		<property name="connectionFactory" ref="singleCF" />
		<property name="useSingleConnection" value="true" />
		<property name="usePooledConnection" value="false" />
		<property name="preserveMessageQos" value="true" />
	</bean>

	<bean class="org.springframework.jms.connection.SingleConnectionFactory"
		id="singleCF">
		<property name="targetConnectionFactory" ref="AMQCF" />
	</bean>

	<bean class="org.apache.activemq.ActiveMQConnectionFactory" id="AMQCF">
		<property name="userName" value="admin" />
		<property name="password" value="admin" />
		<property name="brokerURL" value="tcp://localhost:61616" />
	</bean>
	
	<bean id="simpleRouter" class="com.javainuse.SimpleRouteBuilder" />

	<camelContext id="simpleRouterContext" xmlns="http://camel.apache.org/schema/spring">

		<propertyPlaceholder id="placeholder" location="classpath:camel.properties" />
		<routeBuilder ref="simpleRouter" />

	</camelContext>

</beans>