<?xml version="1.0" encoding="UTF-8"?>
<!DOCTYPE hibernate-mapping PUBLIC
"-//Hibernate/Hibernate Mapping DTD 3.0//EN"
"http://hibernate.sourceforge.net/hibernate-mapping-3.0.dtd">
<hibernate-mapping>
	<class name="com.gwebitsol.core.dms.MDDocumentPOJO" table="mddocument">
		<id name="documentID" type="int" column="documentid">
			<generator class="increment" />
		</id>
		<property name="documentName" type="string" column="documentname" />
		<property name="documentContent" type="binary">
			<column name="documentcontent" not-null="true" />
		</property>
		<property name="infoclassID" column="infoclassid" />
		<property name="parentObjectID" column="parentobjectid" />
		<property name="createdDate" column="createdDate" />
		<property name="createdBy" column="createdby" />
		<property name="status" column="status" />
	</class>
	
	 <class name="com.gwebitsol.core.dms.DocumentPojo" table="gbl_sm_tbl_document">
		<id name="documentId" type="int" column="documentId">
			<generator class="increment" />
		</id>
		<property name="documentName"  column="documentName" />
		<property name="documentDescription" column="documentDescription"/>
		<property name="documentPath" column="documentPath" />
		<property name="fileName" column="fileName" />
		<property name="createdBy" column="createdby" />
		<property name="status" column="status" />
		<property name="documentType" column="documentType" />
		<property name="employeeId" column="employeeId" />
		<property name="studentId" column="studentId" />
		<property name="parentId" column="parentId" />
		<property name="admissionId" column="admissionId" />
		<property name="bookReceiptId" column="bookReceiptId" />
		<property name="createdDate" column="createdDate" />
		<property name="modifiedDate" column="modifiedDate" />
	</class> 	
</hibernate-mapping>
