<?xml version="1.0" encoding="UTF-8"?>
<!DOCTYPE hibernate-mapping PUBLIC
 "-//Hibernate/Hibernate Mapping DTD 3.0//EN"
 "http://hibernate.sourceforge.net/hibernate-mapping-3.0.dtd">
 <hibernate-mapping>
  <class name="com.gwebitsol.core.library.BookReceiptPojo" table="gbl_sm_tbl_bookreceipt">
 <id name="bookReceiptId" type="int" column="BookReceiptId">
			<generator class="increment"/>
	</id>
		<property name="quantityReceived"  column="QuantityReceived"/>
		<property name="bookReceiptTitle"  column="BookReceiptTitle"/>
        <property name="inVoiceNo"  column="InVoiceNo"/>
        <property name="orderNo"  column="OrderNo"/>
        <property name="inVoiceAmount"  column="InVoiceAmount"/>
        <property name="bookPrice"  column="BookPrice"/>
        <property name="dateReceived"  column="DateReceived"/>
        <property name="createdDate" column="CreatedDate"/>
  		<property name="modifiedDate" column="ModifiedDate"/>
  		<property name="schoolId" column="SchoolId"/>
  		<property name="branchId" column="BranchId"/>
  		 <property name="description"  column="Description"/>
    </class>
 
 
	
 <class name="com.gwebitsol.core.library.CataloguePojo" table="gbl_sm_tbl_catalogue">
  <id name="bookId" type="int" column="BookId">
  <generator class="increment"/>
  </id>
  <property name="catalogueName" column="CatalogueName"/>
  <property name="bookNo" column="BookNo"/>
  <property name="bookTitle"  column="BookTitle"/>
  <property name="author"  column="Author"/>
  <property name="description"  column="Description"/>
  <property name="ISBN"  column="ISBN"/>
  <property name="barcode"  column="Barcode"/>
  <property name="publisher"  column="Publisher"/>
  <property name="volume"  column="Volume"/>
  <property name="publisheDate"  column="PublisheDate"/>
  <property name="printer"  column="Printer"/>
  <property name="typeSetter"  column="TypeSetter"/>
  <property name="bookTypeId"  column="BookTypeId"/>
  <property name="libSectionId"  column="LibSectionId"/>
  <property name="rackNo"  column="RackNo"/>
  <property name="rowNo"  column="RowNo"/>
  <property name="orderNo"  column="OrderNo"/>
  <property name="quantity"  column="Quantity"/>
  <property name="bookCost"  column="BookCost"/>
  <property name="libSubjectId"  column="LibSubjectId"/>
  <property name="isIssue"  column="IsIssue"/>
  <property name="bookReceiptId" column="BookReceiptId"/>
  <property name="image" column="Image"/>
  <property name="createdDate" column="CreatedDate"/>
  <property name="modifiedDate" column="ModifiedDate"/>
  <property name="schoolId" column="SchoolId"/>
  		<property name="branchId" column="BranchId"/>
 </class>
 
 <class name="com.gwebitsol.core.library.IssuePojo" table="gbl_sm_tbl_issues">
 <id name="issueId" type="int" column="IssueId">
			<generator class="increment"/>
		</id>
		<property name="bookId"  column="BookId"/>
        <property name="employeeId"  column="EmployeeId"/>
        <property name="studentId"  column="StudentId"/>
        <property name="issuedDate"  column="IssuedDate"/>
        <property name="returnDate"  column="ReturnDate"/>
        <property name="returnedOn"  column="ReturnedOn"/>
        <property name="lateFee"  column="LateFee"/>
        <property name="isFeeCollected"  column="IsFeeCollected"/>
        <property name="isLost"  column="IsLost"/>
        <property name="isDamaged"  column="IsDamaged"/>
        <property name="recoveredCost"  column="RecoveredCost"/>
        <property name="issuedBy"  column="IssuedBy"/>
        <property name="createdDate"  column="createdDate"/>
        <property name="modifiedDate"  column="modifiedDate"/> 
        <property name="schoolId" column="SchoolId"/>
  		<property name="branchId" column="BranchId"/>
 </class>
 
 
 
 <class name="com.gwebitsol.core.library.LibSubjectPojo" table="gbl_sm_tbl_lib_subject">
  <id name="libSubjectId" type="int" column="LibSubjectId">
  <generator class="increment"/>
  </id>
  <property name="subjectName" column="SubjectName"/>
  <property name="description" column="Description"/>
  <property name="libCategoryId" type="int" column="LibCategoryId"/>
  <property name="schoolId" column="SchoolId"/>
  		<property name="branchId" column="BranchId"/>
 </class>
 </hibernate-mapping>
