<?xml version="1.0" encoding="UTF-8"?>
<!DOCTYPE hibernate-mapping PUBLIC
 "-//Hibernate/Hibernate Mapping DTD 3.0//EN"
 "http://hibernate.sourceforge.net/hibernate-mapping-3.0.dtd">
<hibernate-mapping>
	<class name="com.gwebitsol.core.curriculum.Curriculum" table="gbl_sm_tbl_curriculum">
		<id name="curriculumId" type="int" column="CurriculumId">
			<generator class="increment"/>
		</id>
		<property name="curriculumTitle" column="CurriculumTitle"/>
		<property name="description" column="Description"/>
		  <property name="schoolId"  column="SchoolId"/>
        <property name="branchId"  column="BranchId"/>
		<property name="createdDate" column="CreatedDate"/>
		<property name="modifiedDate" column="ModifiedDate"/>
	</class>
	<class name="com.gwebitsol.core.curriculum.PeriodPojo" table="gbl_sm_tbl_period">
 <id name="periodId" type="int" column="PeriodId">
			<generator class="increment"/>
		</id>
		<property name="timeTableId" column="TimeTableId"/>
		<property name="employeeId"  column="EmployeeId"/>
        <property name="subjectId"  column="SubjectId"/>
		<property name="periodTitle"  column="PeriodTitle"/>
        <property name="description"  column="Description"/>
        <property name="startTime"  column="StartTime"/>
        <property name="endTime"  column="EndTime"/>
        <property name="days"  column="Days"/>
        <property name="sequenceNo"  column="SequenceNo"/>
         <property name="schoolId"  column="SchoolId"/>
        <property name="branchId"  column="BranchId"/>
 </class>
 
 <class name="com.gwebitsol.core.curriculum.SectionPojo" table="gbl_sm_tbl_section">
 <id name="sectionId" type="int" column="SectionId">
			<generator class="increment"/>
		</id>
		<property name="classId"  column="ClassId"/>
		<property name="employeeId"  column="EmployeeId"/>
        <property name="sectionName"  column="SectionName"/>
        <property name="description"  column="Description"/>
        <property name="captainId"  column="CaptainId"/>
        <property name="roomId"  column="RoomId"/>
        <property name="noOfStudents"  column="NoOfStudents"/>
        <property name="remarks"  column="Remarks"/>
        <property name="schoolId"  column="SchoolId"/>
        <property name="branchId"  column="BranchId"/>
        <property name="createdDate"  column="CreatedDate"/>
        <property name="modifiedDate"  column="ModifiedDate"/>  
 </class>
 
 <class name="com.gwebitsol.core.curriculum.TimeTablePojo" table="gbl_sm_tbl_timetable">
 <id name="timeTableId" type="int" column="TimeTableId">
			<generator class="increment"/>
		</id>
		<property name="sectionId"  column="SectionId"/>
		<property name="classId"  column="ClassId"/>
        <property name="timeTableTitle"  column="TimeTableTitle"/>
        <property name="sharable"  column="Sharable"/>
        <property name="description"  column="Description"/>
         <property name="remarks"  column="Remarks"/>
         <property name="schoolId"  column="SchoolId"/>
        <property name="branchId"  column="BranchId"/>
        <property name="createdDate"  column="CreatedDate"/>
        <property name="modifiedDate"  column="ModifiedDate"/> 
	 </class>
 
 <class name="com.gwebitsol.core.curriculum.ClassPojo" table="gbl_sm_tbl_class">
		<id name="classId" type="int" column="ClassId">
			<generator class="increment"/>
		</id>
		<property name="className" column="ClassName"/>
		<property name="description" column="Description"/>
		<property name="schoolId"  column="SchoolId"/>
        <property name="branchId"  column="BranchId"/>
		<property name="createdDate" column="CreatedDate"/>
		<property name="modifiedDate" column="ModifiedDate"/>
		
	</class>
	
	<class name="com.gwebitsol.core.curriculum.AttendencePojo" table="gbl_sm_tbl_attendence">
		<id name="attendenceId" type="int" column="AttendenceId">
			<generator class="increment"/>
		</id>
		<property name="studentId" column="StudentId"/>
		<property name="periodId" column="PeriodId"/>
		<property name="date" column="Date"/>
		<property name="employeeId" column="EmployeeId"/>
		<property name="present"  column="Present"/>
		<property name="classId" column="ClassId" />	
		<property name="sectionId"  column="SectionId"/>
		<property name="branchId" column="BranchId" />	
		<property name="schoolId"  column="SchoolId"/>
		<property name="createdDate"  column="CreatedDate"/>	
		<property name="modifiedDate" column="ModifiedDate" />	
	</class>
	<class name="com.gwebitsol.core.curriculum.SectionPeriod" table="gbl_sm_tbl_sectionperiods">
		<id name="sectionPeriodsId" type="int" column="SectionPeriodsId">
			<generator class="increment"/>
		</id>
		<property name="classId" column="ClassId"/>
		<property name="sectionId" column="SectionId"/>
		<property name="periods" column="Periods"/>
		<property name="weekday" column="WeekDay"/>
	</class>
</hibernate-mapping> 