<?xml version="1.0" encoding="UTF-8"?>
<!DOCTYPE hibernate-mapping PUBLIC
"-//Hibernate/Hibernate Mapping DTD 3.0//EN"
"http://hibernate.sourceforge.net/hibernate-mapping-3.0.dtd">
<hibernate-mapping>
<class name="com.gwebitsol.core.auth.MDRolePOJO" table="MDRole">
 <id name="roleID" type="int" column="roleid">
 <generator class="increment"/>
 </id>
 <property name="roleName" column="rolename"/>
 <property name="privilegeString" column="privilegestring"/>
 <property name="createdBy"  column="createdby"/>
 <property name="createdDate"  column="createddate"/>
 <property name="modifiedBy"  column="modifiedby"/>
 <property name="modifiedDate"  column="modifieddate"/>
 <property name="description"  column="description"/>
</class>
</hibernate-mapping>