<?xml version="1.0" encoding="UTF-8"?>
<!DOCTYPE hibernate-mapping PUBLIC  
 "-//Hibernate/Hibernate Mapping DTD 3.0//EN"  
 "http://hibernate.sourceforge.net/hibernate-mapping-3.0.dtd">
 
 <hibernate-mapping>
 <class name="com.gwebitsol.core.parent.ParentPojo" table="gbl_sm_tbl_parent">
   <id name="parentId" type="int" column="ParentId">
       <generator class="increment"></generator>
   </id>
 <property name="firstName"></property>
 <property name="lastName"></property>
 <property name="middleName"></property>
 <property name="jobTypeId"></property>
 <property name="photo"></property>
 <property name="dob"></property>
 <property name="qualification"></property>
 <property name="jobTitle"></property>
 <property name="jobRole"></property>
 <property name="annualSalary"></property>
 <property name="isDeleted"></property>
 <property name="userId"></property>
 <property name="gender"></property>
 <property name="remarks"></property>
 <property name="createdDate"></property>
 <property name="modifiedDate"></property>
 <property name="emailId"></property>
 <property name="mobileNumber"></property>
 <property name="branchId"></property>
 <property name="schoolId"></property>
 </class>
 </hibernate-mapping>