<?xml version="1.0" encoding="UTF-8"?>
<!DOCTYPE hibernate-mapping PUBLIC
"-//Hibernate/Hibernate Mapping DTD 3.0//EN"
"http://hibernate.sourceforge.net/hibernate-mapping-3.0.dtd">
<hibernate-mapping>
<class name="com.gwebitsol.core.sales.MDConsumerDetails" table="mdconsumerdetails">
 <id name="indexId" type="int" column="INDEXID">
 <generator class="increment"/>
 </id>
  <property name="id" column="CONSUMERID"/>
 <property name="firstname" column="CONSUMERNAME"/>
 <property name="ticsUserName" column="ticsUserName" unique="true"/>
 <property name="ticsPassword" column="ticsPassword"/>
 <property name="email" column="email"/>
 <property name="type" column="type"/>
  <property name="status" column="status"/>
  <property name="subtype" column="subtype"/>
  <property name="phone" column="phone"/>
</class>
</hibernate-mapping>