<?xml version="1.0" encoding="UTF-8"?>
<!DOCTYPE hibernate-mapping PUBLIC
"-//Hibernate/Hibernate Mapping DTD 3.0//EN"
"http://hibernate.sourceforge.net/hibernate-mapping-3.0.dtd">
<hibernate-mapping>
<class name="com.gwebitsol.core.sales.MDContracts" table="mdcontracts">
 <id name="id" type="int" column="id">
 <generator class="increment"/>
 </id>
  <property name="contractname" column="contractname"/>
 <property name="contracttype" column="contracttype"/>
 <property name="issla" column="issla"/>
 <property name="customername" column="customername"/>
 <property name="customertype" column="customertype"/>
 <property name="contractsignedon" column="contractsignedon"/>
  <property name="contractsignedby" column="contractsignedby"/>
  <property name="expirydate" column="expirydate"/>
   <property name="uploaddocument" column="uploaddocument"/>
</class>
</hibernate-mapping>