<?xml version="1.0" encoding="UTF-8"?>
<!DOCTYPE hibernate-mapping PUBLIC
"-//Hibernate/Hibernate Mapping DTD 3.0//EN"
"http://hibernate.sourceforge.net/hibernate-mapping-3.0.dtd">
<hibernate-mapping>
<class name="com.gwebitsol.core.suggestion.MDSuggestionPOJO" table="mdsuggestion">
 <id name="id" type="int" column="id">
 <generator class="increment"/>
 </id>
 <property name="name" column="name"/>
 <property name="toEmail" column="toEmail"/>
 <property name="post" column="post"/>
 <property name="fromEmail" column="fromEmail" />
 <property name="suggestionType" column="suggestionType" />
</class>
</hibernate-mapping>