<?xml version="1.0" encoding="UTF-8"?>
<!DOCTYPE hibernate-mapping PUBLIC  
 "-//Hibernate/Hibernate Mapping DTD 3.0//EN"  
 "http://hibernate.sourceforge.net/hibernate-mapping-3.0.dtd">
 
<!-- //Vidya Version 0.8 -->

 <hibernate-mapping>
 <class name="com.gwebitsol.core.student.StudentPojo" table="gbl_sm_tbl_student">
   <id name="studentId" type="int" column="StudentId">
       <generator class="increment"></generator>
  </id>
 <property name="firstName"></property>
 <property name="middleName"></property>
 <property name="lastName"></property>
 <property name="dob"></property>
 <property name="bloodGroupId"></property>
 <property name="studentNumber"></property>
 <property name="userId"></property>
 <property name="photo"></property>
 <property name="gender"></property>
 <property name="rollNo"></property>
 <property name="remarks"></property>
 <property name="status" column="Status"/>
 <property name="createdDate"></property>
 <property name="modifiedDate"></property>
 <property name="emailId"></property>
 <property name="mobileNumber"></property>
 <property name="branchId"></property>
 <property name="schoolId"></property>
 </class>
  
 <class name="com.gwebitsol.core.student.StudentEducationPojo" table="gbl_sm_tbl_student_education">
   <id name="studentEdId" type="int" column="StudentEdId">
       <generator class="increment"></generator>
  </id>
 <property name="studentId"></property>
 <property name="schoolName"></property>
 <property name="classId"></property>
 <property name="sectionId"></property>
 <property name="resultId"></property>
 <property name="gradeId"></property>
 <property name="studiedFrom"></property>
 <property name="studiedTo"></property>
 <property name="remarks"></property>
 <property name="currentFlg"></property>
 <property name="createdDate"></property>
 <property name="modifiedDate"></property>
 <property name="percentScore"></property>
 <property name="branchId"></property>
 <property name="schoolId"></property>
 </class>
 
  <class name="com.gwebitsol.core.student.AdmissionPojo" table="gbl_sm_tbl_admission">
  <id name="admissionID" type="int" column="AdmissionID">
  <generator class="increment"/>
  </id>
  <property name="studentId" column="StudentId"/>
  <property name="admissionNo" column="AdmissionNo"/>
  <property name="branchId"  column="SchoolBranchId"/>
  <property name="studentEdId"  column="StudentEdId"/>
  <property name="classId"  column="ClassId"/>
  <property name="sectionId"  column="SectionId"/>
  <property name="feeStructureId"  column="FeeStructureId"/>
  <property name="casteId"  column="CasteId"/>
  <property name="religionId"  column="ReligionId"/>
  <property name="nationality"  column="Nationality"/>
  <property name="dateOfAdmission"  column="DateOfAdmission"/>
  <property name="description"  column="Description"/>
  <property name="remarks"  column="Remarks"/>
  <property name="createdDate"  column="CreatedDate"/>
  <property name="status"  column="Status"/>
  <property name="modifiedDate"  column="ModifiedDate"/>
  <property name="schoolId"></property>
 </class>
 
 <class name="com.gwebitsol.core.student.TransferPojo" table="gbl_sm_tbl_transfer">
 <id name="transferId" type="int" column="TransferId">
			<generator class="increment"/>
</id>
        <property name="studentId"  column="StudentId"/>
        <property name="transferDate"  column="TransferDate"/>
        <property name="tranferReason"  column="TranferReason"/>
        <property name="transferTo"  column="TransferTo"/>
        <property name="createdDate"  column="createdDate"/>
        <property name="branchId"></property>
        <property name="schoolId"></property>
 </class>
 
 <class name="com.gwebitsol.core.student.DiaryTablePojo" table="gbl_sm_tbl_diarytable">
 <id name="diaryId" type="int" column="DiaryId">
			<generator class="increment"/>
</id>
        <property name="studentId"  column="StudentId"/>
        <property name="title"  column="Title"/>
        <property name="academicYear"  column="AcademicYear"/>
        <property name="status"  column="status"/>
        <property name="branchId"></property>
        <property name="schoolId"></property>
 </class>
 
 
  <class name="com.gwebitsol.core.student.DiaryEntryTablePojo" table="gbl_sm_tbl_diaryentry">
   <id name="diaryEntryId" type="int" column="DiaryEntryId">
       <generator class="increment"></generator>
  </id>
 <property name="title"></property>
 <property name="description"></property>
 <property name="diaryId"></property>
 <property name="employeeId"></property>
 <property name="date"></property>
 <property name="submitDate"></property>
 <property name="remarks"></property>
 <property name="status"></property>
 <property name="subjectId"></property>
 <property name="chapterId"></property>
 <property name="unitId"></property>
 <property name="topicId"></property>
 <property name="createdDate" column="createdDate"/>
 <property name="modifiedDate" column="ModifiedDate"/>
 <property name="schoolId"></property>
 <property name="branchId"></property>
 </class>
 </hibernate-mapping>