<?xml version="1.0" encoding="UTF-8"?>
<!DOCTYPE hibernate-mapping PUBLIC
"-//Hibernate/Hibernate Mapping DTD 3.0//EN"
"http://hibernate.sourceforge.net/hibernate-mapping-3.0.dtd">
<hibernate-mapping>
<class name="com.gwebitsol.core.infoclass.MDICFieldsPOJO" table="mdobjinfoclassfields">
<id name="fieldID" type="int" column="fieldid"/>
<property name="infoclassID" column="infoclassid"/>
<property name="fieldName" column="fieldname"/>
<property name="fieldType" column="fieldtype"/>
<property name="parentFieldGroup" column="PARENTFIELDGROUP"/>
<property name="order_1" column="ORDER_1"/>
<property name="fieldSize" column="fieldsize"/>
<property name="null_1" column="null_1"/>
<property name="index_1" column="index_1"/>
</class>
</hibernate-mapping>