<?xml version="1.0" encoding="UTF-8"?>
<!DOCTYPE hibernate-mapping PUBLIC
 "-//Hibernate/Hibernate Mapping DTD 3.0//EN"
 "http://hibernate.sourceforge.net/hibernate-mapping-3.0.dtd">
 <hibernate-mapping>
 <class name="com.gwebitsol.core.fee.FeeStructure" table="gbl_sm_tbl_fee_structure">
 <id name="feeStructureId" type="int" column="feeStructureId">
			<generator class="increment"/>
		</id>
		<property name="title"  column="title"/>
        <property name="description"  column="description"/>
        <property name="classId"  column="classId"/>
        <property name="sectionId"  column="sectionId"/>
        <property name="academicYear"  column="academicYear"/>
        <property name="startDate"  column="startDate"/>
        <property name="endDate"  column="endDate"/>
        <property name="status"  column="status"/>
        <property name="createdDate"  column="createdDate"/>
        <property name="modifiedDate"  column="modifiedDate"/>
        <property name="schoolId" column="SchoolId"/>
  		<property name="branchId" column="BranchId"/>      
 </class>
 
 
 <class name="com.gwebitsol.core.fee.FeeItemPojo" table="gbl_sm_tbl_fee_item">
  <id name="feeItemId" type="int" column="feeItemId">
  <generator class="increment"/>
  </id>
  <property name="itemName" column="itemName"/>
  <property name="description" column="description"/>
  <property name="feeItemTypeId"  column="feeItemTypeId"/>
  <property name="startDate"  column="startDate"/>
  <property name="endDate"  column="endDate"/>
  <property name="eventId"  column="eventId"/>
  <property name="amount"  column="amount"/>
  <property name="validFrom"  column="validFrom"/>
  <property name="validTo"  column="validTo"/>
  <!-- <property name="classId"  column="classId"/>
  <property name="sectionId"  column="sectionId"/> -->
  <property name="status"  column="status"/>
  <!-- <property name="feeStructureId"  column="feeStructureId"/> -->
  <property name="categoryId"  column="CategoryId"/>
  <property name="studentId" column="studentId"/>
  <property name="createdDate"  column="CreatedDate"/>
  <property name="modifiedDate"  column="ModifiedDate"/>
  <property name="schoolId" column="SchoolId"/>
  		<property name="branchId" column="BranchId"/>
 </class>
 
 <class name="com.gwebitsol.core.fee.EventPojo" table="gbl_sm_tbl_event">
 <id name="eventId" type="int" column="eventId">
			<generator class="increment"/>
		</id>
		<property name="eventTypeId"  column="eventTypeId"/>
        <property name="eventName"  column="eventName"/>
        <property name="description"  column="Description"/>
        <property name="eventDate"  column="eventDate"/>
        <property name="schoolId" column="SchoolId"/>
  		<property name="branchId" column="BranchId"/>
        
 </class>
 
 
 </hibernate-mapping>