<?xml version="1.0" encoding="UTF-8"?>
<!DOCTYPE hibernate-mapping PUBLIC
 "-//Hibernate/Hibernate Mapping DTD 3.0//EN"
 "http://hibernate.sourceforge.net/hibernate-mapping-3.0.dtd">
 <hibernate-mapping>
 <class name="com.gwebitsol.core.fee.Payment" table="gbl_sm_tbl_payment">
  <id name="paymentId" type="int" column="paymentId">
  <generator class="increment"/>
  </id>
  <property name="payReceiptNo" column="payReceiptNo"/>
  <property name="studentId" column="studentId"/>
  <property name="paidBy"  column="paidBy"/>
  <property name="datePaid"  column="datePaid"/>
  <property name="employeeId"  column="employeeId"/>
  <property name="paymentModeId"  column="paymentModeId"/>
  <property name="totalAmount"  column="totalAmount"/>
  <property name="remarks"  column="remarks"/>
  <property name="createdDate"  column="createdDate"/>
        <property name="modifiedDate"  column="modifiedDate"/> 
        <property name="schoolId" column="SchoolId"/>
  		<property name="branchId" column="BranchId"/>
 </class>
 
<!--  <class name="com.gwebitsol.core.fee.PaymentItem" table="gbl_sm_tbl_paymentitem">
 <id name="paymentItemId" type="int" column="paymentItemId">
 <generator class="increment"/>
 </id>
 <property name="feeItemId" column="feeItemId"/>
 <list name="feeItempojo" cascade="all">  
          <key column="feeItemId"></key>  
          <index column="type"></index>  
          <one-to-many class="com.gwebitsol.core.fee.FeeItemPojo"/>  
</list>  
  <property name="paymentId" column="paymentId"/>
 </class>
 
  -->
 </hibernate-mapping>
