<?xml version="1.0" encoding="UTF-8"?>
<!DOCTYPE hibernate-mapping PUBLIC
"-//Hibernate/Hibernate Mapping DTD 3.0//EN"
"http://hibernate.sourceforge.net/hibernate-mapping-3.0.dtd">
<hibernate-mapping>
<class name="com.gwebitsol.core.eventmanager.MDEvent" table="MDEVENTS">
 <id name="eventID" type="int" column="EVENTID">
 <generator class="increment"/>
 </id>
 <property name="eventName" column="EVENTNAME"/>
 <property name="eventType" column="EVENTTYPE"/>
 <property name="eventOwner" column="EVENTOWNER"/>
 <property name="eventListeners" column="EVENTLISTENERS"/>
 <property name="eventStatus" column="EVENTSTATUS"/>
 <property name="createdDateTime" column="CREATEDDATETIME"/>
 <property name="updatedDateTime" column="UPDATEDDATETIME"/>
</class>
</hibernate-mapping>