<?xml version="1.0" encoding="UTF-8"?>
<!DOCTYPE hibernate-mapping PUBLIC
"-//Hibernate/Hibernate Mapping DTD 3.0//EN"
"http://hibernate.sourceforge.net/hibernate-mapping-3.0.dtd">
<hibernate-mapping>
<class name="com.gwebitsol.core.eventmanager.MDListener" table="MDLISTENER">
 <id name="listenerID" type="int" column="LISTENERID">
 <generator class="increment"/>
 </id>
 <property name="listenerName" column="LISTENERNAME"/>
 <property name="listenerType" column="LISTENERTYPE"/>
 <property name="programName" column="PROGRAMNAME"/>
 <property name="listenerStatus" column="LISTENERSTATUS"/>
 <property name="createdDateTime" column="CREATEDDATETIME"/>
 <property name="updatedDateTime" column="UPDATEDDATETIME"/>
 <property name="listenerDescription" column="LISTENERDESCRIPTION"/>
</class>
</hibernate-mapping>