<?xml version="1.0" encoding="UTF-8"?>
<!DOCTYPE hibernate-mapping PUBLIC
"-//Hibernate/Hibernate Mapping DTD 3.0//EN"
"http://hibernate.sourceforge.net/hibernate-mapping-3.0.dtd">
<hibernate-mapping>
<class name="com.gwebitsol.core.objectcontroller.object.MDOwnerPOJO" table="mdowner">
 <id name="ownerID" type="int" column="ownerid">
 <generator class="increment"/>
 </id>
<property name="firstName" 		type="string" column="firstname"/>
<property name="fullName" 		type="string" column="fullname"/>
<property name="mobileNo" 		type="string" column="mobileno"/>
<property name="emailID" 		type="string" column="emailid"/>
<property name="street" 		type="string" column="street"/>
<property name="area" 			type="string" column="area"/>
<property name="city" 			type="string" column="city"/>
<property name="state" 			type="string" column="state"/>
<property name="country" 		type="string" column="country"/>
<property name="pincode" 		type="string" column="pincode"/>
</class>
</hibernate-mapping>