<?xml version="1.0" encoding="UTF-8"?>
<!DOCTYPE hibernate-mapping PUBLIC
 "-//Hibernate/Hibernate Mapping DTD 3.0//EN"
 "http://hibernate.sourceforge.net/hibernate-mapping-3.0.dtd">
<hibernate-mapping>
	<class name="com.gwebitsol.core.employeemanagement.MDEmployeePOJO" table="mdemployees">
		<id name="sno" type="int" column="sno">
			<generator class="increment" />
		</id>
		<property name="employeeID" column="employeeid" />
		<property name="firstName" column="firstname" />
		<property name="middleName" column="middlename" />
		<property name="lastName" column="lastname" />
		<property name="dob" column="dob" />
		<property name="photo" type="binary">
 		<column name="photo" />
		</property>
		<property name="department" column="department" />
		<property name="designation" column="designation" />
		<property name="fathersName" column="fathersname" />
		<property name="address" column="address"/>
		<property name="city" column="city" />
		<property name="state" column="state" />
		<property name="pinCode" column="pincode" />
		<property name="country" column="country" />
		<property name="contactNumber" column="contactnumber" />
		<property name="emailID" column="emailid" />
		<property name="faxNO" column="faxno" />
		<property name="status" column="status"/>
	</class>
</hibernate-mapping>